,idx,long,short,profit
2014-01-02,0.0,0.0,0.0,0.0
2014-01-03,-0.012444847720999963,0.0,0.0,0.0
2014-01-06,-0.01774306943199999,0.0,0.0,0.0
2014-01-07,0.0007623067739999101,0.0,0.0,0.0
2014-01-08,-0.001411310488999895,0.0,0.0,0.0
2014-01-09,-0.007925525283000057,0.0,0.0,0.0
2014-01-10,-0.006790598405999937,0.0,0.0,0.0
2014-01-13,-0.0017701825229999857,0.0,0.0,0.0
2014-01-14,0.00819100525399985,0.0,0.0,0.0
2014-01-15,-0.001656405390999871,0.0,0.0,0.0
2014-01-16,0.00016734719599986736,0.0,0.0,0.0
2014-01-17,-0.00888978646399985,0.0,0.0,0.0
2014-01-20,-0.006492881581000143,0.0,0.0,0.0
2014-01-21,0.008087657693000017,0.0,0.0,0.0
2014-01-22,0.02059176433800014,0.0,0.0,0.0
2014-01-23,-0.00453638900800013,0.0,0.0,0.0
2014-01-24,0.005789359657000115,0.0,0.0,0.0
2014-01-27,-0.009999113486000022,0.0,0.0,0.0
2014-01-28,0.0024713340889999103,0.0,0.0,0.0
2014-01-29,0.005404887771000122,0.0,0.0,0.0
2014-01-30,-0.007979095349000098,0.0,0.0,0.0
2014-02-07,0.005411050699000053,0.0,0.0,0.0
2014-02-10,0.019707147146999948,0.0,0.0,0.0
2014-02-11,0.008345552522999955,0.0,0.0,0.0
2014-02-12,0.002979064532000031,0.0,0.0,0.0
2014-02-13,-0.005477420688999923,0.0,0.0,0.0
2014-02-14,0.008271123318999929,0.0,0.0,0.0
2014-02-17,0.009276154629999978,0.0,0.0,0.0
2014-02-18,-0.007750592939999912,0.0,0.0,0.0
2014-02-19,0.011134988510000055,0.0,0.0,0.0
2014-02-20,-0.0017881972400002333,0.0,0.0,0.0
2014-02-21,-0.011893976779999704,0.0,0.0,0.0
2014-02-24,-0.017543959454000113,0.0,0.0,0.0
2014-02-25,-0.020132389171999998,0.0,0.0,0.0
2014-02-26,0.0033350921379999843,0.0,0.964365002724,-0.0033350921379999843
2014-02-27,0.0028918353999999313,0.0,0.967700094862,-0.0028918353999999313
2014-02-28,0.00424199068300013,0.0,0.970591930262,-0.00424199068300013
2014-03-03,0.008975593382999802,0.0,0.9748339209450001,-0.008975593382999802
2014-03-04,-0.001783456520999871,0.0,0.9838095143279999,0.001783456520999871
2014-03-05,-0.008717698554000064,0.0,0.982026057807,0.008717698554000064
2014-03-06,0.003078619523000037,0.0,0.973308359253,-0.003078619523000037
2014-03-07,-0.0007916991999999956,0.0,0.976386978776,0.0007916991999999956
2014-03-10,-0.027895782044000117,0.0,0.975595279576,0.027895782044000117
2014-03-11,0.0009917573210002084,0.0,0.9476994975319999,-0.0009917573210002084
2014-03-12,-0.001642657322000196,0.0,0.9486912548530001,0.001642657322000196
2014-03-13,0.010154134827000116,0.0,0.9470485975309999,-0.010154134827000116
2014-03-14,-0.0070029823830000115,0.0,0.957202732358,0.0070029823830000115
2014-03-17,0.009165696004999946,0.0,0.950199749975,-0.009165696004999946
2014-03-18,0.0007220107080000426,0.0,0.95936544598,-0.0007220107080000426
2014-03-19,-0.001641235108000072,0.0,0.960087456688,0.001641235108000072
2014-03-20,-0.013394886760999869,0.0,0.9584462215799999,0.013394886760999869
2014-03-21,0.025666224357999923,0.0,0.945051334819,-0.025666224357999923
2014-03-24,0.008846171896999988,0.0,0.970717559177,-0.008846171896999988
2014-03-25,0.0004892416620000395,0.979563731074,0.0,0.0004892416620000395
2014-03-26,-0.001726093884000024,0.980052972736,0.0,-0.001726093884000024
2014-03-27,-0.008098087264999942,0.978326878852,0.0,-0.008098087264999942
2014-03-28,-0.002311572034999987,0.970228791587,0.0,-0.002311572034999987
2014-03-31,-0.003985043996000082,0.967917219552,0.0,-0.003985043996000082
2014-04-01,0.006710006272000024,0.963932175556,0.0,0.006710006272000024
2014-04-02,0.005465094835999995,0.970642181828,0.0,0.005465094835999995
2014-04-03,-0.007246655070999974,0.976107276664,0.0,-0.007246655070999974
2014-04-04,0.007172225864999993,0.968860621593,0.0,0.007172225864999993
2014-04-08,0.01870353804199998,0.976032847458,0.0,0.01870353804199998
2014-04-09,0.003296218285000041,0.9947363855,0.0,0.003296218285000041
2014-04-10,0.013777936435000138,0.998032603785,0.0,0.013777936435000138
2014-04-11,-0.0017815602400002017,1.0118105402200002,0.0,-0.0017815602400002017
2014-04-14,0.0004726491700000057,1.01002897998,0.0,0.0004726491700000057
2014-04-15,-0.014192748891999951,1.01050162915,0.0,-0.014192748891999951
2014-04-16,0.0016692053189999445,0.996308880258,0.0,0.0016692053189999445
2014-04-17,-0.0029567831799999222,0.997978085577,0.0,-0.0029567831799999222
2014-04-18,-0.0005390191549999868,0.995021302397,0.0,-0.0005390191549999868
2014-04-21,-0.015133306501000088,0.994482283242,0.0,-0.015133306501000088
2014-04-22,0.00332086999600012,0.979348976741,0.0,0.00332086999600012
2014-04-23,-0.0025832149340001553,0.0,0.9826698467370001,0.0025832149340001553
2014-04-24,-0.004906164681999892,0.0,0.9800866318029999,0.004906164681999892
2014-04-25,-0.009725100230000061,0.0,0.975180467121,0.009725100230000061
2014-04-28,-0.015659525729999957,0.0,0.965455366891,0.015659525729999957
2014-04-29,0.007989998991000058,0.0,0.949795841161,-0.007989998991000058
2014-04-30,0.0028524874759998653,0.0,0.9577858401520001,-0.0028524874759998653
2014-05-05,0.00047170102000015923,0.0,0.9606383276279999,-0.00047170102000015923
2014-05-06,0.00032473889299988734,0.0,0.9611100286480001,-0.00032473889299988734
2014-05-07,-0.008511951576000043,0.0,0.961434767541,0.008511951576000043
2014-05-08,0.002460904519000051,0.0,0.952922815965,-0.002460904519000051
2014-05-09,-0.001962181430000043,0.0,0.955383720484,0.001962181430000043
2014-05-12,0.019785842996000058,0.0,0.953421539054,-0.019785842996000058
2014-05-13,-0.0010159349609999424,0.0,0.97320738205,0.0010159349609999424
2014-05-14,-0.0013359331410000008,0.0,0.9721914470890001,0.0013359331410000008
2014-05-15,-0.010873301106000044,0.0,0.9708555139480001,0.010873301106000044
2014-05-16,0.0007253292069999695,0.0,0.959982212842,-0.0007253292069999695
2014-05-19,-0.010107675832000007,0.0,0.960707542049,0.010107675832000007
2014-05-20,0.0013918735629998569,0.0,0.950599866217,-0.0013918735629998569
2014-05-21,0.007979569420000221,0.0,0.9519917397799998,-0.007979569420000221
2014-05-22,-0.0017379456680000072,0.0,0.9599713092000001,0.0017379456680000072
2014-05-23,0.006297564173999959,0.9582333635320001,0.0,0.006297564173999959
2014-05-26,0.0032744110010000105,0.964530927706,0.0,0.0032744110010000105
2014-05-27,-0.003276307287000013,0.967805338707,0.0,-0.003276307287000013
2014-05-28,0.007425379980000035,0.96452903142,0.0,0.007425379980000035
2014-05-29,-0.004566729576000017,0.9719544114,0.0,-0.004566729576000017
2014-05-30,-0.0006556407140000386,0.967387681824,0.0,-0.0006556407140000386
2014-06-03,-0.00042998273899996775,0.96673204111,0.0,-0.00042998273899996775
2014-06-04,-0.006386215522000027,0.966302058371,0.0,-0.006386215522000027
2014-06-05,0.007606001174999988,0.959915842849,0.0,0.007606001174999988
2014-06-06,-0.005177807580999949,0.967521844024,0.0,-0.005177807580999949
2014-06-09,0.00025884297199985085,0.962344036443,0.0,0.00025884297199985085
2014-06-10,0.010443792438000088,0.9626028794149999,0.0,0.010443792438000088
2014-06-11,0.0011453564469999788,0.973046671853,0.0,0.0011453564469999788
2014-06-12,-0.0015336209049999772,0.0,0.9741920283,0.0015336209049999772
2014-06-13,0.009008304308000037,0.0,0.972658407395,-0.009008304308000037
2014-06-16,0.007238121786999896,0.0,0.981666711703,-0.007238121786999896
2014-06-17,-0.009142466508999858,0.9889048334899999,0.0,-0.009142466508999858
2014-06-18,-0.005299643924000064,0.979762366981,0.0,-0.005299643924000064
2014-06-19,-0.015067884650999952,0.974462723057,0.0,-0.015067884650999952
2014-06-20,0.001393295776999981,0.0,0.959394838406,-0.001393295776999981
2014-06-23,-0.0010946308099999413,0.0,0.960788134183,0.0010946308099999413
2014-06-24,0.004534966793999895,0.0,0.9596935033730001,-0.004534966793999895
2014-06-25,-0.00399594763799993,0.0,0.964228470167,0.00399594763799993
2014-06-26,0.00624589039399992,0.0,0.960232522529,-0.00624589039399992
2014-06-27,-0.0010273126739999139,0.0,0.966478412923,0.0010273126739999139
2014-06-30,0.005602101462999998,0.0,0.965451100249,-0.005602101462999998
2014-07-01,0.0009737426089999612,0.0,0.971053201712,-0.0009737426089999612
2014-07-02,0.004284183034999889,0.0,0.972026944321,-0.004284183034999889
2014-07-03,0.0018066860180001587,0.0,0.9763111273559999,-0.0018066860180001587
2014-07-04,-0.0018270710870000872,0.9781178133740001,0.0,-0.0018270710870000872
2014-07-07,0.00026168740000009905,0.976290742287,0.0,0.00026168740000009905
2014-07-08,0.001940848217999891,0.9765524296870001,0.0,0.001940848217999891
2014-07-09,-0.012045679621999983,0.978493277905,0.0,-0.012045679621999983
2014-07-10,-0.00012799927200002337,0.0,0.966447598283,0.00012799927200002337
2014-07-11,0.004086021200000012,0.0,0.966319599011,-0.004086021200000012
2014-07-14,0.009332095059000123,0.0,0.970405620211,-0.009332095059000123
2014-07-15,0.001759278879999937,0.0,0.9797377152700001,-0.001759278879999937
2014-07-16,-0.0014606139130000084,0.0,0.98149699415,0.0014606139130000084
2014-07-17,-0.005539524040999999,0.0,0.980036380237,0.005539524040999999
2014-07-18,0.0016478721070000146,0.974496856196,0.0,0.0016478721070000146
2014-07-21,-0.002175039478999996,0.976144728303,0.0,-0.002175039478999996
2014-07-22,0.009956447062999918,0.973969688824,0.0,0.009956447062999918
2014-07-23,0.0014260067020001044,0.983926135887,0.0,0.0014260067020001044
2014-07-24,0.012597498704999932,0.9853521425890001,0.0,0.012597498704999932
2014-07-25,0.010217186315999993,0.997949641294,0.0,0.010217186315999993
2014-07-28,0.02433598008000004,1.00816682761,0.0,0.02433598008000004
2014-07-29,0.0024860302999998307,1.03250280769,0.0,0.0024860302999998307
2014-07-30,-0.0009239651099999246,1.0349888379899999,0.0,-0.0009239651099999246
2014-07-31,0.009632656309999987,1.03406487288,0.0,0.009632656309999987
2014-08-01,-0.007707926519999964,1.04369752919,0.0,-0.007707926519999964
2014-08-04,0.018027986330000134,1.03598960267,0.0,0.018027986330000134
2014-08-05,-0.00160520569,1.054017589,0.0,-0.00160520569
2014-08-06,-0.0011756970100000874,1.05241238331,0.0,-0.0011756970100000874
2014-08-07,-0.014125430760000057,1.0512366863,0.0,-0.014125430760000057
2014-08-08,0.003202826230000122,1.03711125554,0.0,0.003202826230000122
2014-08-11,0.01433070366,1.04031408177,0.0,0.01433070366
2014-08-12,-0.0014501843400001047,1.05464478543,0.0,-0.0014501843400001047
2014-08-13,0.0006077595000000269,0.0,1.05319460109,-0.0006077595000000269
2014-08-14,-0.007779985369999798,1.05380236059,0.0,-0.007779985369999798
2014-08-15,0.009608478669999698,1.0460223752200002,0.0,0.009608478669999698
2014-08-18,0.006035876780000171,1.0556308538899999,0.0,0.006035876780000171
2014-08-19,0.002779954550000019,1.06166673067,0.0,0.002779954550000019
2014-08-20,-0.0024267713800001367,1.06444668522,0.0,-0.0024267713800001367
2014-08-21,-0.004623618140000119,0.0,1.06201991384,0.004623618140000119
2014-08-22,0.004908535040000217,0.0,1.0573962956999998,-0.004908535040000217
2014-08-25,-0.005469835550000024,0.0,1.06230483074,0.005469835550000024
2014-08-26,-0.010509214290000068,0.0,1.05683499519,0.010509214290000068
2014-08-27,0.0011183343800000856,0.0,1.0463257809,-0.0011183343800000856
2014-08-28,-0.0064696520800000545,0.0,1.04744411528,0.0064696520800000545
2014-08-29,0.010136594180000014,0.0,1.0409744632,-0.010136594180000014
2014-09-01,0.008680720990000168,0.0,1.05111105738,-0.008680720990000168
2014-09-02,0.014475769499999736,0.0,1.0597917783700002,-0.014475769499999736
2014-09-03,0.010705005769999998,0.0,1.07426754787,-0.010705005769999998
2014-09-04,0.008644691560000028,0.0,1.08497255364,-0.008644691560000028
2014-09-05,0.009277576849999969,1.0936172452,0.0,0.009277576849999969
2014-09-09,4.5036780000007326e-05,1.10289482205,0.0,4.5036780000007326e-05
2014-09-10,-0.0038978148599997375,1.10293985883,0.0,-0.0038978148599997375
2014-09-11,-0.003141196950000147,1.0990420439700002,0.0,-0.003141196950000147
2014-09-12,0.009609900890000134,1.09590084702,0.0,0.009609900890000134
2014-09-15,0.003408573199999765,1.1055107479100001,0.0,0.003408573199999765
2014-09-16,-0.02018832958999983,1.10891932111,0.0,-0.02018832958999983
2014-09-17,0.005375021269999891,1.08873099152,0.0,0.005375021269999891
2014-09-18,0.0038091635099999355,0.0,1.09410601279,-0.0038091635099999355
2014-09-19,0.006410867240000062,0.0,1.0979151763,-0.006410867240000062
2014-09-22,-0.018766115469999844,0.0,1.10432604354,0.018766115469999844
2014-09-23,0.00941126498,0.0,1.0855599280700001,-0.00941126498
2014-09-24,0.016050634620000004,0.0,1.0949711930500001,-0.016050634620000004
2014-09-25,0.0007243810599997236,1.1110218276700001,0.0,0.0007243810599997236
2014-09-26,0.0012406447999999681,1.1117462087299999,0.0,0.0012406447999999681
2014-09-29,0.004735973050000064,1.1129868535299998,0.0,0.004735973050000064
2014-09-30,0.0029202796900000827,1.1177228265799999,0.0,0.0029202796900000827
2014-10-08,0.008969430450000093,1.12064310627,0.0,0.008969430450000093
2014-10-09,0.003119389659999916,1.12961253672,0.0,0.003119389659999916
2014-10-10,-0.007030478519999939,1.13273192638,0.0,-0.007030478519999939
2014-10-13,-0.004043828849999986,0.0,1.12570144786,0.004043828849999986
2014-10-14,-0.003095686089999994,0.0,1.12165761901,0.003095686089999994
2014-10-15,0.006727072839999959,0.0,1.11856193292,-0.006727072839999959
2014-10-16,-0.008139805539999934,0.0,1.12528900576,0.008139805539999934
2014-10-17,-0.0072627734999999305,0.0,1.11714920022,0.0072627734999999305
2014-10-20,0.007371809909999749,0.0,1.1098864267200002,-0.007371809909999749
2014-10-21,-0.008092398399999867,0.0,1.11725823663,0.008092398399999867
2014-10-22,-0.006215075759999911,0.0,1.10916583823,0.006215075759999911
2014-10-23,-0.011439342330000102,0.0,1.1029507624700001,0.011439342330000102
2014-10-24,-6.636999000009247e-05,0.0,1.09151142014,6.636999000009247e-05
2014-10-27,-0.005613005110000069,0.0,1.09144505015,0.005613005110000069
2014-10-28,0.02248520542000021,0.0,1.0858320450399999,-0.02248520542000021
2014-10-29,0.016668349619999745,1.10831725046,0.0,0.016668349619999745
2014-10-30,0.008555092070000159,1.1249856000799998,0.0,0.008555092070000159
2014-10-31,0.013797373360000087,0.0,1.13354069215,-0.013797373360000087
2014-11-03,0.004669603069999972,1.14733806551,0.0,0.004669603069999972
2014-11-04,0.0003081463900000969,1.15200766858,0.0,0.0003081463900000969
2014-11-05,-0.005416739549999994,1.1523158149700001,0.0,-0.005416739549999994
2014-11-06,0.0031317155199999114,1.1468990754200001,0.0,0.0031317155199999114
2014-11-07,-0.003645608890000096,1.15003079094,0.0,-0.003645608890000096
2014-11-10,0.02631096142999989,1.14638518205,0.0,0.02631096142999989
2014-11-11,-0.0018962855099997622,1.1726961434799998,0.0,-0.0018962855099997622
2014-11-12,0.011761710859999885,1.17079985797,0.0,0.011761710859999885
2014-11-13,-0.004205013109999767,1.18256156883,0.0,-0.004205013109999767
2014-11-14,-0.003218944650000166,1.1783565557200002,0.0,-0.003218944650000166
2014-11-17,-0.002280283330000188,1.17513761107,0.0,-0.002280283330000188
2014-11-18,-0.008362619089999912,1.1728573277399998,0.0,-0.008362619089999912
2014-11-19,-0.00255050401000001,1.16449470865,0.0,-0.00255050401000001
2014-11-20,0.0007916992000001066,1.16194420464,0.0,0.0007916992000001066
2014-11-21,0.016180056100000062,1.16273590384,0.0,0.016180056100000062
2014-11-24,0.02184994977999999,1.17891595994,0.0,0.02184994977999999
2014-11-25,0.016459758209999897,1.20076590972,0.0,0.016459758209999897
2014-11-26,0.01742212311000002,1.21722566793,0.0,0.01742212311000002
2014-11-27,0.01239222579999999,1.23464779104,0.0,0.01239222579999999
2014-11-28,0.024817636589999914,1.24704001684,0.0,0.024817636589999914
2014-12-01,-0.0012705112899997761,1.27185765343,0.0,-0.0012705112899997761
2014-12-02,0.03953281213999982,1.2705871421400001,0.0,0.03953281213999982
2014-12-03,0.0075756606099999235,1.31011995428,0.0,0.0075756606099999235
2014-12-04,0.05685538026000003,1.3176956148899999,0.0,0.05685538026000003
2014-12-05,0.018104785890000086,1.37455099515,0.0,0.018104785890000086
2014-12-08,0.03916303645999997,1.39265578104,0.0,0.03916303645999997
2014-12-09,-0.07774296512999967,1.4318188175,0.0,-0.07774296512999967
2014-12-10,0.039698737119999716,1.3540758523700003,0.0,0.039698737119999716
2014-12-11,-0.006764998550000234,1.39377458949,0.0,-0.006764998550000234
2014-12-12,0.005892707220000348,1.3870095909399998,0.0,0.005892707220000348
2014-12-15,0.007229588499999995,1.39290229816,0.0,0.007229588499999995
2014-12-16,0.032284260779999796,1.40013188666,0.0,0.032284260779999796
2014-12-17,0.018725819399999954,1.43241614744,0.0,0.018725819399999954
2014-12-18,-0.001659249819999653,1.4511419668399999,0.0,-0.001659249819999653
2014-12-19,0.02421556593999985,1.4494827170200002,0.0,0.02421556593999985
2014-12-22,0.008936245459999936,1.47369828296,0.0,0.008936245459999936
2014-12-23,-0.04496092940999996,0.0,1.48263452842,0.04496092940999996
2014-12-24,-0.028482208340000037,0.0,1.43767359901,0.028482208340000037
2014-12-25,0.04741187842999994,0.0,1.40919139067,-0.04741187842999994
2014-12-26,0.040324511340000146,0.0,1.4566032691,-0.040324511340000146
2014-12-29,0.004939823750000016,0.0,1.49692778044,-0.004939823750000016
2014-12-30,-0.0010429570300001245,0.0,1.50186760419,0.0010429570300001245
2014-12-31,0.032644555029999855,0.0,1.50082464716,-0.032644555029999855
2015-01-05,0.05491642833000032,0.0,1.5334692021899998,-0.05491642833000032
2015-01-06,0.0004408863799998386,0.0,1.5883856305200001,-0.0004408863799998386
2015-01-07,0.0106666059799998,0.0,1.5888265169,-0.0106666059799998
2015-01-08,-0.038158005139999895,0.0,1.5994931228799998,0.038158005139999895
2015-01-09,-0.0038162745899998907,0.0,1.56133511774,0.0038162745899998907
2015-01-12,-0.026590663539999948,1.55751884315,0.0,-0.026590663539999948
2015-01-13,0.0028349468299999625,0.0,1.53092817961,-0.0028349468299999625
2015-01-14,-0.006096557910000078,0.0,1.53376312644,0.006096557910000078
2015-01-15,0.054051248069999946,0.0,1.52766656853,-0.054051248069999946
2015-01-16,0.01898181794000009,0.0,1.5817178165999999,-0.01898181794000009
2015-01-19,-0.12332682433000008,0.0,1.60069963454,0.12332682433000008
2015-01-20,0.026880321150000164,0.0,1.4773728102099999,-0.026880321150000164
2015-01-21,0.07137571246999985,0.0,1.50425313136,-0.07137571246999985
2015-01-22,0.009354850480000065,0.0,1.57562884383,-0.009354850480000065
2015-01-23,0.003991681000000247,0.0,1.58498369431,-0.003991681000000247
2015-01-26,0.014894374529999865,1.5889753753100002,0.0,0.014894374529999865
2015-01-27,-0.014327385160000095,1.60386974984,0.0,-0.014327385160000095
2015-01-28,-0.022386598570000027,0.0,1.58954236468,0.022386598570000027
2015-01-29,-0.020590342129999994,0.0,1.56715576611,0.020590342129999994
2015-01-30,-0.02462421546999982,0.0,1.54656542398,0.02462421546999982
2015-02-02,-0.03890371942000015,0.0,1.5219412085100001,0.03890371942000015
2015-02-03,0.03631718598999978,0.0,1.48303748909,-0.03631718598999978
2015-02-04,-0.014592391059999654,0.0,1.5193546750799998,0.014592391059999654
2015-02-05,-0.01782271342000019,0.0,1.5047622840200001,0.01782271342000019
2015-02-06,-0.028740103169999864,0.0,1.4869395706,0.028740103169999864
2015-02-09,0.009110229650000079,0.0,1.45819946743,-0.009110229650000079
2015-02-10,0.022029622829999873,0.0,1.4673096970800001,-0.022029622829999873
2015-02-11,0.007637763950000043,0.0,1.48933931991,-0.007637763950000043
2015-02-12,0.007448609479999924,0.0,1.49697708386,-0.007448609479999924
2015-02-13,0.014416984649999964,0.0,1.50442569334,-0.014416984649999964
2015-02-16,0.00878738705000015,0.0,1.51884267799,-0.00878738705000015
2015-02-17,0.01163513380999981,1.52763006504,0.0,0.01163513380999981
2015-02-25,-0.008563151289999738,1.53926519885,0.0,-0.008563151289999738
2015-02-26,0.03295554584999971,1.5307020475600002,0.0,0.03295554584999971
2015-02-27,0.005662308530000271,1.5636575934099999,0.0,0.005662308530000271
2015-03-02,0.012317322519999951,1.5693199019400002,0.0,0.012317322519999951
2015-03-03,-0.034717669160000186,1.58163722446,0.0,-0.034717669160000186
2015-03-04,0.007813170370000178,1.5469195553,0.0,0.007813170370000178
2015-03-05,-0.014723234760000148,0.0,1.55473272567,0.014723234760000148
2015-03-06,-0.0034555062700001304,1.54000949091,0.0,-0.0034555062700001304
2015-03-09,0.02902312378000027,1.5365539846399998,0.0,0.02902312378000027
2015-03-10,-0.007746326299999939,1.56557710842,0.0,-0.007746326299999939
2015-03-11,0.002290712890000046,0.0,1.5578307821200001,-0.002290712890000046
2015-03-12,0.027696672069999817,1.5601214950100002,0.0,0.027696672069999817
2015-03-13,0.01118239564000012,1.58781816708,0.0,0.01118239564000012
2015-03-16,0.03621620878999976,1.5990005627200001,0.0,0.03621620878999976
2015-03-17,0.025382729670000215,1.63521677151,0.0,0.025382729670000215
2015-03-18,0.03529651032000003,1.66059950118,0.0,0.03529651032000003
2015-03-19,0.002356134739999627,1.6958960115000001,0.0,0.002356134739999627
2015-03-20,0.016614779550000236,1.6982521462399998,0.0,0.016614779550000236
2015-03-23,0.03337936566999988,1.71486692579,0.0,0.03337936566999988
2015-03-24,0.0017455308100000622,1.7482462914599999,0.0,0.0017455308100000622
2015-03-25,-0.014545932069999878,1.74999182227,0.0,-0.014545932069999878
2015-03-26,0.010129957190000205,1.7354458902,0.0,0.010129957190000205
2015-03-27,0.0042671164699994435,1.7455758473900003,0.0,0.0042671164699994435
2015-03-30,0.045260542510000334,1.7498429638599997,0.0,0.045260542510000334
2015-03-31,-0.018331866079999815,0.0,1.79510350637,0.018331866079999815
2015-04-01,0.029579683579999738,1.7767716402900002,0.0,0.029579683579999738
2015-04-02,0.007343365629999932,1.80635132387,0.0,0.007343365629999932
2015-04-03,0.01808345268,1.8136946895,0.0,0.01808345268
2015-04-07,0.04619778162999988,1.83177814218,0.0,0.04619778162999988
2015-04-08,0.015849628350000033,1.8779759238099998,0.0,0.015849628350000033
2015-04-09,-0.017671958719999603,1.8938255521599998,0.0,-0.017671958719999603
2015-04-10,0.03639730404999986,1.8761535934400002,0.0,0.03639730404999986
2015-04-13,0.041436208719999756,1.91255089749,0.0,0.041436208719999756
2015-04-14,0.006565888569999956,1.9539871062099998,0.0,0.006565888569999956
2015-04-15,-0.02436821692999991,1.9605529947799998,0.0,-0.02436821692999991
2015-04-16,0.05246073860000022,1.9361847778499999,0.0,0.05246073860000022
2015-04-17,0.043838802449999825,0.0,1.98864551645,-0.043838802449999825
2015-04-20,-0.03328881802999972,2.0324843189,0.0,-0.03328881802999972
2015-04-21,0.036288267639999594,0.0,1.9991955008700002,-0.036288267639999594
2015-04-22,0.0497163393900002,0.0,2.03548376851,-0.0497163393900002
2015-04-23,0.007591779029999746,0.0,2.0852001079,-0.007591779029999746
2015-04-24,-0.009871114209999643,2.0927918869299997,0.0,-0.009871114209999643
2015-04-27,0.06338808383000005,2.08292077272,0.0,0.06338808383000005
2015-04-28,-0.02426344715000006,2.14630885655,0.0,-0.02426344715000006
2015-04-29,0.00019199890999965774,0.0,2.1220454094,-0.00019199890999965774
2015-04-30,-0.016575905699999893,2.1222374083099997,0.0,-0.016575905699999893
2015-05-04,0.01839823607000035,2.10566150261,0.0,0.01839823607000035
2015-05-05,-0.08616626536000016,0.0,2.12405973868,0.08616626536000016
2015-05-06,-0.032919516429999796,0.0,2.03789347332,0.032919516429999796
2015-05-07,-0.05549100284000019,0.0,2.0049739568900002,0.05549100284000019
2015-05-08,0.044421910250000085,0.0,1.94948295405,-0.044421910250000085
2015-05-11,0.060523270509999616,0.0,1.9939048643000001,-0.060523270509999616
2015-05-12,0.03206381759000054,0.0,2.0544281348099998,-0.03206381759000054
2015-05-13,-0.012069383190000504,0.0,2.0864919524000003,0.012069383190000504
2015-05-14,0.00120935608000039,0.0,2.07442256921,-0.00120935608000039
2015-05-15,-0.033004849270000136,0.0,2.07563192529,0.033004849270000136
2015-05-18,-0.011946598710000256,0.0,2.04262707602,0.011946598710000256
2015-05-19,0.06355448289000032,0.0,2.03068047731,-0.06355448289000032
2015-05-20,0.013622915100000021,0.0,2.0942349602,-0.013622915100000021
2015-05-21,0.03941144985999978,0.0,2.1078578753,-0.03941144985999978
2015-05-22,0.06076362469999985,2.14726932516,0.0,0.06076362469999985
2015-05-25,0.07405089725000025,2.2080329498599998,0.0,0.07405089725000025
2015-05-26,0.04603185664999998,2.28208384711,0.0,0.04603185664999998
2015-05-27,0.014609457630000211,2.32811570376,0.0,0.014609457630000211
2015-05-28,-0.1523892960400004,2.34272516139,0.0,-0.1523892960400004
2015-05-29,-0.004040036279999715,0.0,2.19033586535,0.004040036279999715
2015-06-01,0.10287064440999982,0.0,2.18629582907,-0.10287064440999982
2015-06-02,0.03877382387000017,2.28916647348,0.0,0.03877382387000017
2015-06-03,-0.0002602651900001085,2.32794029735,0.0,-0.0002602651900001085
2015-06-04,0.01759942581000029,2.32768003216,0.0,0.01759942581000029
2015-06-05,0.036026580229999716,2.3452794579700003,0.0,0.036026580229999716
2015-06-08,0.0515718547599997,2.3813060382,0.0,0.0515718547599997
2015-06-09,-0.008697787550000058,2.4328778929599997,0.0,-0.008697787550000058
2015-06-10,-0.0035545871899995696,2.4241801054099996,0.0,-0.0035545871899995696
2015-06-11,0.007375128409999654,2.42062551822,0.0,0.007375128409999654
2015-06-12,0.021218012630000338,2.4280006466299997,0.0,0.021218012630000338
2015-06-15,-0.04899859533000006,2.44921865926,0.0,-0.04899859533000006
2015-06-16,-0.0832284450399996,2.40022006393,0.0,-0.0832284450399996
2015-06-17,0.03814662742999975,0.0,2.3169916188900004,-0.03814662742999975
2015-06-18,-0.08653793732000015,0.0,2.35513824632,0.08653793732000015
2015-06-19,-0.14553612021000006,0.0,2.268600309,0.14553612021000006
2015-06-23,0.04651967610000041,0.0,2.12306418879,-0.04651967610000041
2015-06-24,0.0538820045799997,0.0,2.1695838648900003,-0.0538820045799997
2015-06-25,-0.07697544357999986,0.0,2.22346586947,0.07697544357999986
2015-06-26,-0.15876934863000036,0.0,2.14649042589,0.15876934863000036
2015-06-29,-0.06629556358999977,0.0,1.9877210772599998,0.06629556358999977
2015-06-30,0.10628301017999986,0.0,1.92142551367,-0.10628301017999986
2015-07-01,-0.10596538235999975,0.0,2.02770852385,0.10596538235999975
2015-07-02,-0.06681230139000016,0.0,1.9217431414900001,0.06681230139000016
2015-07-03,-0.10706996866999985,0.0,1.8549308401,0.10706996866999985
2015-07-06,0.04219093034999988,0.0,1.7478608714300001,-0.04219093034999988
2015-07-07,-0.02312852028000001,0.0,1.79005180178,0.02312852028000001
2015-07-08,-0.10426394018000007,0.0,1.7669232815,0.10426394018000007
2015-07-09,0.09582784002999989,0.0,1.66265934132,-0.09582784002999989
2015-07-10,0.07986822712000019,0.0,1.7584871813499998,-0.07986822712000019
2015-07-13,0.04389189845000008,0.0,1.83835540847,-0.04389189845000008
2015-07-14,-0.021760350280000118,0.0,1.88224730692,0.021760350280000118
2015-07-15,-0.05631209445999996,0.0,1.86048695664,0.05631209445999996
2015-07-16,0.008283449169999901,0.0,1.80417486218,-0.008283449169999901
2015-07-17,0.06360900110000012,0.0,1.81245831135,-0.06360900110000012
2015-07-20,0.016477772920000078,1.87606731245,0.0,0.016477772920000078
2015-07-21,0.012119634759999665,1.89254508537,0.0,0.012119634759999665
2015-07-22,0.0039679774300001025,1.9046647201299998,0.0,0.0039679774300001025
2015-07-23,0.04640115824999991,1.9086326975599999,0.0,0.04640115824999991
2015-07-24,-0.025132894059999744,1.9550338558099998,0.0,-0.025132894059999744
2015-07-27,-0.1637205500900003,1.92990096175,0.0,-0.1637205500900003
2015-07-28,-0.029656009069999767,1.7661804116599997,0.0,-0.029656009069999767
2015-07-29,0.05981168936000003,1.73652440259,0.0,0.05981168936000003
2015-07-30,-0.039538500990000225,1.79633609195,0.0,-0.039538500990000225
2015-07-31,-0.01992996069999986,1.7567975909599998,0.0,-0.01992996069999986
2015-08-03,-0.019352067680000085,1.73686763026,0.0,-0.019352067680000085
2015-08-04,0.06335489884000034,1.7175155625799998,0.0,0.06335489884000034
2015-08-05,-0.029379151390000358,1.7808704614200002,0.0,-0.029379151390000358
2015-08-06,-0.015660473869999914,1.7514913100299998,0.0,-0.015660473869999914
2015-08-07,0.03918958446000009,1.73583083616,0.0,0.03918958446000009
2015-08-10,0.08732868838999996,0.0,1.77502042062,-0.08732868838999996
2015-08-11,-0.0002403541900000139,0.0,1.86234910901,0.0002403541900000139
2015-08-12,-0.019715680429999827,1.86210875482,0.0,-0.019715680429999827
2015-08-13,0.03234873448999975,1.84239307439,0.0,0.03234873448999975
2015-08-14,0.0051100153700003315,1.8747418088799999,0.0,0.0051100153700003315
2015-08-17,0.013431864329999543,1.8798518242500002,0.0,0.013431864329999543
2015-08-18,-0.11638641936999994,1.8932836885799997,0.0,-0.11638641936999994
2015-08-19,0.02178120942000028,0.0,1.7768972692099998,-0.02178120942000028
2015-08-20,-0.06154299803999996,0.0,1.79867847863,0.06154299803999996
2015-08-21,-0.07421445187000009,0.0,1.7371354805900001,0.07421445187000009
2015-08-24,-0.14119694490000012,0.0,1.66292102872,0.14119694490000012
2015-08-25,-0.11611809497000003,0.0,1.52172408382,0.11611809497000003
2015-08-26,-0.017862535419999936,0.0,1.4056059888499999,0.017862535419999936
2015-08-27,0.07409877846000024,0.0,1.38774345343,-0.07409877846000024
2015-08-28,0.07052238398999977,0.0,1.4618422318900002,-0.07052238398999977
2015-08-31,-0.01249841779000005,0.0,1.53236461588,0.01249841779000005
2015-09-01,-0.01866039753999993,0.0,1.51986619809,0.01866039753999993
2015-09-02,-0.0030610788800000677,0.0,1.50120580055,0.0030610788800000677
2015-09-07,-0.03780577011999986,0.0,1.49814472167,0.03780577011999986
2015-09-08,0.04268159422999984,0.0,1.46033895155,-0.04268159422999984
2015-09-09,0.03443512262000015,0.0,1.5030205457799999,-0.03443512262000015
2015-09-10,-0.021426129960000262,0.0,1.5374556684,0.021426129960000262
2015-09-11,0.0011098010899999178,0.0,1.5160295384399998,-0.0011098010899999178
2015-09-14,-0.040502762169999595,1.5171393395299997,0.0,-0.040502762169999595
2015-09-15,-0.05197054879000018,0.0,1.47663657736,0.05197054879000018
2015-09-16,0.06973163293000018,0.0,1.42466602857,-0.06973163293000018
2015-09-17,-0.03138447330999994,0.0,1.4943976615,0.03138447330999994
2015-09-18,0.005620590249999724,0.0,1.4630131881900001,-0.005620590249999724
2015-09-21,0.02779148633999995,0.0,1.4686337784399999,-0.02779148633999995
2015-09-22,0.013785521580000237,1.4964252647799998,0.0,0.013785521580000237
2015-09-23,-0.03305747120000002,1.51021078636,0.0,-0.03305747120000002
2015-09-24,0.012704638829999837,1.47715331516,0.0,0.012704638829999837
2015-09-25,-0.023864753119999804,1.4898579539899999,0.0,-0.023864753119999804
2015-09-28,0.003986466209999984,1.46599320087,0.0,0.003986466209999984
2015-09-29,-0.02968587557000002,1.46997966708,0.0,-0.02968587557000002
2015-09-30,0.006942301249999838,1.44029379151,0.0,0.006942301249999838
2015-10-08,0.042939489060000335,1.4472360927599999,0.0,0.042939489060000335
2015-10-09,0.018865670449999872,1.4901755818200002,0.0,0.018865670449999872
2015-10-12,0.049545199620000036,1.50904125227,0.0,0.049545199620000036
2015-10-13,0.0026396294299999568,1.5585864518900001,0.0,0.0026396294299999568
2015-10-14,-0.014596183630000148,1.56122608132,0.0,-0.014596183630000148
2015-10-15,0.03585496640000008,1.54662989769,0.0,0.03585496640000008
2015-10-16,0.025258048900000052,0.0,1.58248486409,-0.025258048900000052
2015-10-19,-0.0022053800500001497,0.0,1.60774291299,0.0022053800500001497
2015-10-20,0.018313377299999933,1.60553753294,0.0,0.018313377299999933
2015-10-21,-0.04961346590000004,1.6238509102399998,0.0,-0.04961346590000004
2015-10-22,0.022785292600000284,1.5742374443399998,0.0,0.022785292600000284
2015-10-23,0.02071454882000001,1.59702273694,0.0,0.02071454882000001
2015-10-26,0.00812890189999993,1.61773728576,0.0,0.00812890189999993
2015-10-27,0.0022542093999999846,1.62586618766,0.0,0.0022542093999999846
2015-10-28,-0.028036581239999858,1.62812039706,0.0,-0.028036581239999858
2015-10-29,0.005745271019999665,1.6000838158200001,0.0,0.005745271019999665
2015-10-30,-0.0022537353299998397,1.6058290868399998,0.0,-0.0022537353299998397
2015-11-02,-0.027247726469999956,1.60357535151,0.0,-0.027247726469999956
2015-11-03,-0.003977458850000115,0.0,1.57632762504,0.003977458850000115
2015-11-04,0.06776613300000012,0.0,1.57235016619,-0.06776613300000012
2015-11-05,0.029951355539999946,1.64011629919,0.0,0.029951355539999946
2015-11-06,0.031863759469999975,1.67006765473,0.0,0.031863759469999975
2015-11-09,0.026950483720000085,1.7019314142,0.0,0.026950483720000085
2015-11-10,-0.0030321605299998833,1.72888189792,0.0,-0.0030321605299998833
2015-11-11,0.004628832919999715,1.7258497373900001,0.0,0.004628832919999715
2015-11-12,-0.00822371616999984,1.7304785703099999,0.0,-0.00822371616999984
2015-11-13,-0.02468157811000027,1.72225485414,0.0,-0.02468157811000027
2015-11-16,0.012381796230000353,0.0,1.6975732760299997,-0.012381796230000353
2015-11-17,-0.0010249423200001662,0.0,1.70995507226,0.0010249423200001662
2015-11-18,-0.017221590919999752,0.0,1.70893012994,0.017221590919999752
2015-11-19,0.02303702449999978,0.0,1.6917085390200002,-0.02303702449999978
2015-11-20,0.006370571170000172,0.0,1.71474556352,-0.006370571170000172
2015-11-23,-0.009569130750000099,0.0,1.7211161346900001,0.009569130750000099
2015-11-24,0.0027486658399997754,0.0,1.71154700394,-0.0027486658399997754
2015-11-25,0.015083529010000207,0.0,1.7142956697799998,-0.015083529010000207
2015-11-26,-0.005868055510000136,0.0,1.72937919879,0.005868055510000136
2015-11-27,-0.09445824781999979,0.0,1.7235111432799999,0.09445824781999979
2015-11-30,0.004314997680000099,0.0,1.62905289546,-0.004314997680000099
2015-12-01,0.005169274289999803,0.0,1.6333678931400002,-0.005169274289999803
2015-12-02,0.038208256709999944,0.0,1.63853716743,-0.038208256709999944
2015-12-03,0.02271702633000028,0.0,1.67674542414,-0.02271702633000028
2015-12-04,-0.028364638640000273,0.0,1.6994624504700002,0.028364638640000273
2015-12-07,0.005658041880000075,0.0,1.67109781183,-0.005658041880000075
2015-12-08,-0.03169499005999987,0.0,1.67675585371,0.03169499005999987
2015-12-09,0.0011230750999997596,0.0,1.6450608636500001,-0.0011230750999997596
2015-12-10,-0.008032665419999807,0.0,1.64618393875,0.008032665419999807
2015-12-11,-0.009914728779999882,0.0,1.63815127333,0.009914728779999882
2015-12-14,0.040811382639999616,0.0,1.6282365445500002,-0.040811382639999616
2015-12-15,-0.004889572179999746,0.0,1.6690479271899998,0.004889572179999746
2015-12-16,0.0027652583399999653,0.0,1.66415835501,-0.0027652583399999653
2015-12-17,0.0302514427199998,0.0,1.66692361335,-0.0302514427199998
2015-12-18,-0.0004906638699999633,0.0,1.6971750560699999,0.0004906638699999633
2015-12-21,0.030107325009999908,1.6966843922,0.0,0.030107325009999908
2015-12-22,0.004406493450000104,1.7267917172099998,0.0,0.004406493450000104
2015-12-23,-0.007432491049999879,1.73119821066,0.0,-0.007432491049999879
2015-12-24,-0.01118998078000022,1.72376571961,0.0,-0.01118998078000022
2015-12-25,0.007314447279999969,1.7125757388299998,0.0,0.007314447279999969
2015-12-28,-0.04462670908999966,1.7198901861099998,0.0,-0.04462670908999966
2015-12-29,0.014201756239999863,1.6752634770200001,0.0,0.014201756239999863
2015-12-30,0.004333012390000057,1.68946523326,0.0,0.004333012390000057
2015-12-31,-0.015973360979999907,1.69379824565,0.0,-0.015973360979999907
2016-01-04,-0.11516331522000023,0.0,1.6778248846700001,0.11516331522000023
2016-01-05,-0.0040518880600000085,0.0,1.56266156945,0.0040518880600000085
2016-01-06,0.0351424371200002,0.0,1.55860968139,-0.0351424371200002
2016-01-07,-0.11227811682,0.0,1.59375211851,0.11227811682
2016-01-08,0.02911272326999992,0.0,1.48147400169,-0.02911272326999992
2016-01-11,-0.08045370527000029,0.0,1.51058672496,0.08045370527000029
2016-01-12,0.0029188574700000913,0.0,1.4301330196899997,-0.0029188574700000913
2016-01-13,-0.0347323653799998,0.0,1.4330518771599998,0.0347323653799998
2016-01-14,0.027520791590000204,0.0,1.39831951178,-0.027520791590000204
2016-01-15,-0.05057346044000033,0.0,1.4258403033700002,0.05057346044000033
2016-01-18,0.0060998764099999825,0.0,1.37526684293,-0.0060998764099999825
2016-01-19,0.04451625045000007,0.0,1.3813667193399999,-0.04451625045000007
2016-01-20,-0.014717545899999962,0.0,1.42588296979,0.014717545899999962
2016-01-21,-0.04561135534000016,0.0,1.41116542389,0.04561135534000016
2016-01-22,0.017104495290000132,0.0,1.3655540685499998,-0.017104495290000132
2016-01-25,0.010407288939999981,0.0,1.38265856384,-0.010407288939999981
2016-01-26,-0.08947149100999985,0.0,1.39306585278,0.08947149100999985
2016-01-27,-0.006744613480000217,0.0,1.30359436177,0.006744613480000217
2016-01-28,-0.03787688081999985,0.0,1.2968497482899999,0.03787688081999985
2016-01-29,0.038844934569999934,0.0,1.25897286747,-0.038844934569999934
2016-02-01,-0.023109083349999837,0.0,1.29781780204,0.023109083349999837
2016-02-02,0.02878371773999988,0.0,1.2747087186900001,-0.02878371773999988
2016-02-03,-0.004893838829999941,1.30349243643,0.0,-0.004893838829999941
2016-02-04,0.019804805849999996,1.2985985976,0.0,0.019804805849999996
2016-02-05,-0.008310945310000095,1.31840340345,0.0,-0.008310945310000095
2016-02-15,-0.008199538539999995,1.31009245814,0.0,-0.008199538539999995
2016-02-16,0.04284420071000028,1.3018929196,0.0,0.04284420071000028
2016-02-17,0.014585754059999845,1.3447371203100003,0.0,0.014585754059999845
2016-02-18,-0.002107247270000112,1.35932287437,0.0,-0.002107247270000112
2016-02-19,-0.0013615330000000814,1.3572156271,0.0,-0.0013615330000000814
2016-02-22,0.03183578926000008,1.3558540941,0.0,0.03183578926000008
2016-02-23,-0.011303757910000156,1.38768988336,0.0,-0.011303757910000156
2016-02-24,0.01211963475000033,1.3763861254499998,0.0,0.01211963475000033
2016-02-25,-0.08895996799000017,1.3885057602000002,0.0,-0.08895996799000017
2016-02-26,0.01230926330999993,1.29954579221,0.0,0.01230926330999993
2016-02-29,-0.03756114927999987,1.31185505552,0.0,-0.03756114927999987
2016-03-01,0.02142375959999976,0.0,1.27429390624,-0.02142375959999976
2016-03-02,0.055234530220000355,1.2957176658399998,0.0,0.055234530220000355
2016-03-03,0.0047772172699998006,1.3509521960600002,0.0,0.0047772172699998006
2016-03-04,0.006821413049999947,1.35572941333,0.0,0.006821413049999947
2016-03-07,0.010995137449999914,1.36255082638,0.0,0.010995137449999914
2016-03-08,0.001918566860000137,1.3735459638299998,0.0,0.001918566860000137
2016-03-09,-0.018408665639999988,1.37546453069,0.0,-0.018408665639999988
2016-03-10,-0.02741554773999999,1.35705586505,0.0,-0.02741554773999999
2016-03-11,0.0026457923500000646,1.32964031731,0.0,0.0026457923500000646
2016-03-14,0.02332051918999989,1.33228610966,0.0,0.02332051918999989
2016-03-15,0.0023082535300000817,1.35560662885,0.0,0.0023082535300000817
2016-03-16,0.002873820690000084,1.35791488238,0.0,0.002873820690000084
2016-03-17,0.016309003509999753,0.0,1.36078870307,-0.016309003509999753
2016-03-18,0.023854323560000168,0.0,1.3770977065799999,-0.023854323560000168
2016-03-21,0.030175591299999915,0.0,1.40095203014,-0.030175591299999915
2016-03-22,-0.009215473499999849,0.0,1.43112762144,0.009215473499999849
2016-03-23,0.005023734379999922,0.0,1.42191214794,-0.005023734379999922
2016-03-24,-0.02322475676999991,0.0,1.42693588232,0.02322475676999991
2016-03-25,0.008753253909999925,1.40371112555,0.0,0.008753253909999925
2016-03-28,-0.010246578740000123,1.41246437946,0.0,-0.010246578740000123
2016-03-29,-0.018009023479999886,1.40221780072,0.0,-0.018009023479999886
2016-03-30,0.03831113019999988,1.38420877724,0.0,0.03831113019999988
2016-03-31,0.0015502134100002785,1.42251990744,0.0,0.0015502134100002785
2016-04-01,0.0026619107799996655,1.4240701208500002,0.0,0.0026619107799996655
2016-04-05,0.020638697400000128,1.4267320316299998,0.0,0.020638697400000128
2016-04-06,-0.0011723785099997386,1.44737072903,0.0,-0.0011723785099997386
2016-04-07,-0.019992538120000125,1.4461983505200002,0.0,-0.019992538120000125
2016-04-08,-0.01112266265000006,1.4262058124,0.0,-0.01112266265000006
2016-04-11,0.023229023410000105,0.0,1.41508314975,-0.023229023410000105
2016-04-12,-0.0048881499700002,0.0,1.4383121731600002,0.0048881499700002
2016-04-13,0.02038127663999978,0.0,1.43342402319,-0.02038127663999978
2016-04-14,0.0074542983400003315,0.0,1.4538052998299997,-0.0074542983400003315
2016-04-15,-0.002012432999999758,1.46125959817,0.0,-0.002012432999999758
2016-04-18,-0.02107579121000036,1.4592471651700003,0.0,-0.02107579121000036
2016-04-19,0.004343916029999839,0.0,1.43817137396,-0.004343916029999839
2016-04-20,-0.033298299459999736,0.0,1.4425152899899998,0.033298299459999736
2016-04-21,-0.00933588763000004,0.0,1.40921699053,0.00933588763000004
2016-04-22,0.0030098791700001737,0.0,1.3998811029,-0.0030098791700001737
2016-04-25,-0.005959077210000219,0.0,1.4028909820700002,0.005959077210000219
2016-04-26,0.008547506929999837,0.0,1.39693190486,-0.008547506929999837
2016-04-27,-0.005228533219999942,0.0,1.4054794117899998,0.005228533219999942
2016-04-28,-0.003831444869999867,0.0,1.4002508785699999,0.003831444869999867
2016-04-29,-0.003444128550000203,0.0,1.3964194337,0.003444128550000203
2016-05-03,0.025751083130000074,0.0,1.3929753051499998,-0.025751083130000074
2016-05-04,-0.000649951859999609,0.0,1.4187263882799999,0.000649951859999609
2016-05-05,0.0031146489499997987,0.0,1.4180764364200003,-0.0031146489499997987
2016-05-06,-0.04010359407999986,1.42119108537,0.0,-0.04010359407999986
2016-05-09,-0.038463781180000156,0.0,1.3810874912900002,0.038463781180000156
2016-05-10,0.000226606120000028,0.0,1.34262371011,-0.000226606120000028
2016-05-11,0.002107721340000035,0.0,1.34285031623,-0.002107721340000035
2016-05-12,-0.0005570338700000566,0.0,1.34495803757,0.0005570338700000566
2016-05-13,-0.004149546760000122,0.0,1.3444010037,0.004149546760000122
2016-05-16,0.011260617420000063,0.0,1.34025145694,-0.011260617420000063
2016-05-17,-0.003402884340000023,0.0,1.35151207436,0.003402884340000023
2016-05-18,-0.01714716172000008,0.0,1.34810919002,0.01714716172000008
2016-05-19,-0.00028823538999978027,0.0,1.3309620282999999,0.00028823538999978027
2016-05-20,0.008806823969999877,0.0,1.33067379291,-0.008806823969999877
2016-05-23,0.00861008434999988,0.0,1.33948061688,-0.00861008434999988
2016-05-24,-0.010419614799999977,1.3480907012299999,0.0,-0.010419614799999977
2016-05-25,-0.003119389659999916,1.3376710864299999,0.0,-0.003119389659999916
2016-05-26,0.0034877431199999975,1.33455169677,0.0,0.0034877431199999975
2016-05-27,-0.0006622777100000476,1.33803943989,0.0,-0.0006622777100000476
2016-05-30,0.0006660702900000981,1.33737716218,0.0,0.0006660702900000981
2016-05-31,0.04464093121999979,1.33804323247,0.0,0.04464093121999979
2016-06-01,-0.00147341383999966,1.3826841636899998,0.0,-0.00147341383999966
2016-06-02,0.005556590609999912,1.3812107498500001,0.0,0.005556590609999912
2016-06-03,0.0063776822400001265,1.38676734046,0.0,0.0063776822400001265
2016-06-06,-0.0021731431900000597,1.3931450227000002,0.0,-0.0021731431900000597
2016-06-07,0.0009230169699998569,1.3909718795100001,0.0,0.0009230169699998569
2016-06-08,-0.004212598260000089,1.39189489648,0.0,-0.004212598260000089
2016-06-13,-0.04460442772999995,1.3876822982199999,0.0,-0.04460442772999995
2016-06-14,0.004322582819999976,1.34307787049,0.0,0.004322582819999976
2016-06-15,0.02134316746999998,1.34740045331,0.0,0.02134316746999998
2016-06-16,-0.00682330932999986,1.36874362078,0.0,-0.00682330932999986
2016-06-17,0.005825389079999965,1.36192031145,0.0,0.005825389079999965
2016-06-20,0.0017559603799999213,1.36774570053,0.0,0.0017559603799999213
2016-06-21,-0.004859705689999716,1.36950166091,0.0,-0.004859705689999716
2016-06-22,0.012796134609999621,1.3646419552200002,0.0,0.012796134609999621
2016-06-23,-0.0064426300099997835,0.0,1.3774380898299998,0.0064426300099997835
2016-06-24,-0.017860165059999877,0.0,1.37099545982,0.017860165059999877
2016-06-27,0.019634614219999902,0.0,1.3531352947600002,-0.019634614219999902
2016-06-28,0.00798999899000008,1.37276990898,0.0,0.00798999899000008
2016-06-29,0.009023948669999893,1.3807599079700001,0.0,0.009023948669999893
2016-06-30,-0.000941505759999961,1.38978385664,0.0,-0.000941505759999961
2016-07-01,0.0013605848499997908,1.38884235088,0.0,0.0013605848499997908
2016-07-04,0.02660867826000013,0.0,1.3902029357299999,-0.02660867826000013
2016-07-05,0.008432781660000055,0.0,1.41681161399,-0.008432781660000055
2016-07-06,0.00516737800999989,1.42524439565,0.0,0.00516737800999989
2016-07-07,-0.00021096176999990668,1.43041177366,0.0,-0.00021096176999990668
2016-07-08,-0.013630974300000043,1.43020081189,0.0,-0.013630974300000043
2016-07-11,0.0032345890000000654,1.41656983759,0.0,0.0032345890000000654
2016-07-12,0.025819823489999782,1.41980442659,0.0,0.025819823489999782
2016-07-13,0.0053607991300002045,1.4456242500799998,0.0,0.0053607991300002045
2016-07-14,-0.00316253016000001,1.45098504921,0.0,-0.00316253016000001
2016-07-15,0.00013179184999989602,1.44782251905,0.0,0.00013179184999989602
2016-07-18,-0.0050877340199999566,1.4479543109,0.0,-0.0050877340199999566
2016-07-19,-0.003302381219999928,1.44286657688,0.0,-0.003302381219999928
2016-07-20,-0.004123472830000141,1.43956419566,0.0,-0.004123472830000141
2016-07-21,0.0052664589200002165,1.43544072283,0.0,0.0052664589200002165
2016-07-22,-0.012417351579999902,1.4407071817500001,0.0,-0.012417351579999902
2016-07-25,0.0014279029899999518,1.4282898301700002,0.0,0.0014279029899999518
2016-07-26,0.0162786629499998,1.4297177331600002,0.0,0.0162786629499998
2016-07-27,-0.027575309790000002,0.0,1.44599639611,0.027575309790000002
2016-07-28,0.0011017418799998957,0.0,1.41842108632,-0.0011017418799998957
2016-07-29,-0.0071034855199998415,0.0,1.4195228281999999,0.0071034855199998415
2016-08-01,-0.012304048519999888,0.0,1.41241934268,0.012304048519999888
2016-08-02,0.00848303321999988,0.0,1.4001152941600001,-0.00848303321999988
2016-08-03,0.0034047806299999372,0.0,1.40859832738,-0.0034047806299999372
2016-08-04,0.0018796930100000164,0.0,1.41200310801,-0.0018796930100000164
2016-08-05,-0.0027164289900001304,0.0,1.41388280102,0.0027164289900001304
2016-08-08,0.0130753626500002,0.0,1.4111663720299998,-0.0130753626500002
2016-08-09,0.010147023759999874,0.0,1.42424173468,-0.010147023759999874
2016-08-10,-0.0032876850000000957,0.0,1.43438875844,0.0032876850000000957
2016-08-11,-0.007636341740000052,0.0,1.4311010734399998,0.007636341740000052
2016-08-12,0.02276917417000046,0.0,1.4234647316999998,-0.02276917417000046
2016-08-15,0.035331591589999656,0.0,1.4462339058700002,-0.035331591589999656
2016-08-16,-0.007185973929999978,1.4815654974599999,0.0,-0.007185973929999978
2016-08-17,-0.00022850239999994137,1.47437952353,0.0,-0.00022850239999994137
2016-08-18,-0.002579422369999751,1.47415102113,0.0,-0.002579422369999751
2016-08-19,0.0018905966599997992,1.4715715987600002,0.0,0.0018905966599997992
2016-08-22,-0.011044440880000117,1.47346219542,0.0,-0.011044440880000117
2016-08-23,0.002323423820000059,1.46241775454,0.0,0.002323423820000059
2016-08-24,-0.0018137970899998468,1.46474117836,0.0,-0.0018137970899998468
2016-08-25,-0.00832042674000033,1.46292738127,0.0,-0.00832042674000033
2016-08-26,0.0009386613300002011,1.4546069545299998,0.0,0.0009386613300002011
2016-08-29,-0.00013368813000003144,1.45554561586,0.0,-0.00013368813000003144
2016-08-30,0.002204431900000081,1.45541192773,0.0,0.002204431900000081
2016-08-31,0.005126607880000078,0.0,1.45761635963,-0.005126607880000078
2016-09-01,-0.010517747580000014,1.46274296751,0.0,-0.010517747580000014
2016-09-02,0.0019185668699999159,1.45222521993,0.0,0.0019185668699999159
2016-09-05,0.0022485205400000208,0.0,1.4541437868,-0.0022485205400000208
2016-09-06,0.00882626090000005,0.0,1.45639230734,-0.00882626090000005
2016-09-07,0.0005759967199998606,1.46521856824,0.0,0.0005759967199998606
2016-09-08,0.0019086113699999796,0.0,1.46579456496,-0.0019086113699999796
2016-09-09,-0.008106146479999854,1.46770317633,0.0,-0.008106146479999854
2016-09-12,-0.02696423179000007,0.0,1.45959702985,0.02696423179000007
2016-09-13,0.0007267514199997827,0.0,1.43263279806,-0.0007267514199997827
2016-09-14,-0.009794788719999614,0.0,1.4333595494799998,0.009794788719999614
2016-09-19,0.010999404089999887,0.0,1.4235647607600002,-0.010999404089999887
2016-09-20,-0.001446391770000055,0.0,1.43456416485,0.001446391770000055
2016-09-21,0.001362481140000149,0.0,1.43311777308,-0.001362481140000149
2016-09-22,0.007793259359999638,0.0,1.4344802542200001,-0.007793259359999638
2016-09-23,-0.003990258779999811,0.0,1.4422735135799998,0.003990258779999811
2016-09-26,-0.025346700249999854,0.0,1.4382832548,0.025346700249999854
2016-09-27,0.008410974380000047,0.0,1.4129365545500001,-0.008410974380000047
2016-09-28,-0.004889572190000191,0.0,1.4213475289300002,0.004889572190000191
2016-09-29,0.005037008379999985,1.41645795674,0.0,0.005037008379999985
2016-09-30,0.002948723970000122,1.42149496512,0.0,0.002948723970000122
2016-10-10,0.02059366062000012,1.42444368909,0.0,0.02059366062000012
2016-10-11,0.008109939049999904,1.4450373497100002,0.0,0.008109939049999904
2016-10-12,-0.003200929940000208,1.45314728876,0.0,-0.003200929940000208
2016-10-13,0.0013501552900001546,1.44994635882,0.0,0.0013501552900001546
2016-10-14,0.0011676378000000653,1.45129651411,0.0,0.0011676378000000653
2016-10-17,-0.010734398190000105,0.0,1.4524641519100001,0.010734398190000105
2016-10-18,0.020247114440000047,1.44172975372,0.0,0.020247114440000047
2016-10-19,0.00040011624000002577,1.46197686816,0.0,0.00040011624000002577
2016-10-20,-0.0001237326299998731,1.4623769844,0.0,-0.0001237326299998731
2016-10-21,0.003073404739999619,1.4622532517700002,0.0,0.003073404739999619
2016-10-24,0.017685706800000256,1.4653266565099998,0.0,0.017685706800000256
2016-10-25,0.0017502715199997354,1.48301236331,0.0,0.0017502715199997354
2016-10-26,-0.0074083134099995895,1.4847626348299998,0.0,-0.0074083134099995895
2016-10-27,-0.001878270790000247,1.4773543214200002,0.0,-0.001878270790000247
2016-10-28,-0.0038304967300000214,1.47547605063,0.0,-0.0038304967300000214
2016-10-31,-0.0017910416599999923,1.4716455539,0.0,-0.0017910416599999923
2016-11-01,0.010403022289999786,1.46985451224,0.0,0.010403022289999786
2016-11-02,-0.009340628339999935,1.4802575345299998,0.0,-0.009340628339999935
2016-11-03,0.012422092300000243,1.4709169061899998,0.0,0.012422092300000243
2016-11-04,-0.001715664320000032,1.48333899849,0.0,-0.001715664320000032
2016-11-07,0.0038001561599998457,1.48162333417,0.0,0.0038001561599998457
2016-11-08,0.006900108899999813,0.0,1.4854234903299999,-0.006900108899999813
2016-11-09,-0.009252925139999535,0.0,1.4923235992299997,0.009252925139999535
2016-11-10,0.020343350929999948,0.0,1.4830706740900002,-0.020343350929999948
2016-11-11,0.011738955440000032,1.50341402502,0.0,0.011738955440000032
2016-11-14,0.006792020619999617,1.5151529804600001,0.0,0.006792020619999617
2016-11-15,-0.0016047316099998543,1.5219450010799997,0.0,-0.0016047316099998543
2016-11-16,-0.0009144836799999112,1.52034026947,0.0,-0.0009144836799999112
2016-11-17,0.0016099463899998945,0.0,1.51942578579,-0.0016099463899998945
2016-11-18,-0.007394091269999903,0.0,1.5210357321799999,0.007394091269999903
2016-11-21,0.011990213269999828,0.0,1.51364164091,-0.011990213269999828
2016-11-22,0.01431885188000015,0.0,1.5256318541799998,-0.01431885188000015
2016-11-23,-0.0034204249900000594,1.53995070606,0.0,-0.0034204249900000594
2016-11-24,0.00028396875999980864,1.53653028107,0.0,0.00028396875999980864
2016-11-25,0.009577189960000343,1.5368142498299997,0.0,0.009577189960000343
2016-11-28,0.007140463080000048,1.54639143979,0.0,0.007140463080000048
2016-11-29,0.002808398839999837,0.0,1.55353190287,-0.002808398839999837
2016-11-30,-0.015592207599999686,1.55634030171,0.0,-0.015592207599999686
2016-12-01,0.011034011309999814,1.5407480941100002,0.0,0.011034011309999814
2016-12-02,-0.013968987200000171,1.55178210542,0.0,-0.013968987200000171
2016-12-05,-0.018552309269999734,1.5378131182199999,0.0,-0.018552309269999734
2016-12-06,-0.0023997493200000886,0.0,1.5192608089500002,0.0023997493200000886
2016-12-07,0.01071164277000003,0.0,1.51686105963,-0.01071164277000003
2016-12-08,-0.003259714789999979,0.0,1.5275727024,0.003259714789999979
2016-12-09,0.008304308319999842,0.0,1.5243129876100001,-0.008304308319999842
2016-12-12,-0.03788446596999995,0.0,1.53261729593,0.03788446596999995
2016-12-13,0.0009799055400001588,0.0,1.49473282996,-0.0009799055400001588
2016-12-14,-0.0068768794000000355,0.0,1.4957127355000002,0.0068768794000000355
2016-12-15,-0.010834427250000278,0.0,1.4888358561000001,0.010834427250000278
2016-12-16,0.002514948660000238,0.0,1.4780014288499999,-0.002514948660000238
2016-12-19,-0.0023215275399999236,0.0,1.48051637751,0.0023215275399999236
2016-12-20,-0.007210151570000045,0.0,1.4781948499700002,0.007210151570000045
2016-12-21,0.01638106236000003,0.0,1.4709846984000001,-0.01638106236000003
2016-12-22,0.0010088238899998991,0.0,1.4873657607600002,-0.0010088238899998991
2016-12-23,-0.013939594770000063,0.0,1.48837458465,0.013939594770000063
2016-12-26,0.00588559614999995,0.0,1.47443498988,-0.00588559614999995
2016-12-27,-0.003747534239999961,0.0,1.48032058603,0.003747534239999961
2016-12-28,-0.005891759069999836,0.0,1.47657305179,0.005891759069999836
2016-12-29,-0.0029103241900003685,0.0,1.4706812927200001,0.0029103241900003685
2016-12-30,0.0035744981900003303,0.0,1.4677709685299998,-0.0035744981900003303
2017-01-03,0.015304920339999972,0.0,1.47134546672,-0.015304920339999972
2017-01-04,0.010843434599999924,1.48665038706,0.0,0.010843434599999924
2017-01-05,0.0031369303099999524,1.49749382166,0.0,0.0031369303099999524
2017-01-06,-0.0052574515799999055,1.50063075197,0.0,-0.0052574515799999055
2017-01-09,0.008018917349999821,1.49537330039,0.0,0.008018917349999821
2017-01-10,-0.004534492719999728,1.5033922177399999,0.0,-0.004534492719999728
2017-01-11,-0.01181243651000008,1.4988577250200001,0.0,-0.01181243651000008
2017-01-12,-0.008279656599999852,1.48704528851,0.0,-0.008279656599999852
2017-01-13,-0.003093315730000157,1.4787656319100002,0.0,-0.003093315730000157
2017-01-16,-0.004425930379999832,1.47567231618,0.0,-0.004425930379999832
2017-01-17,0.0025348596499996656,1.4712463858000002,0.0,0.0025348596499996656
2017-01-18,0.0020086404300001526,1.4737812454499999,0.0,0.0020086404300001526
2017-01-19,-0.005552798039999862,1.47578988588,0.0,-0.005552798039999862
2017-01-20,0.010353718869999806,1.4702370878400002,0.0,0.010353718869999806
2017-01-23,0.006464437300000014,1.48059080671,0.0,0.006464437300000014
2017-01-24,0.002739184419999985,1.48705524401,0.0,0.002739184419999985
2017-01-25,0.00331944778000004,1.48979442843,0.0,0.00331944778000004
2017-01-26,0.004556300009999958,1.49311387621,0.0,0.004556300009999958
2017-02-03,-0.00900545988000001,1.49767017622,0.0,-0.00900545988000001
2017-02-06,0.007971036130000053,1.48866471634,0.0,0.007971036130000053
2017-02-07,-0.0018469820800000036,1.49663575247,0.0,-0.0018469820800000036
2017-02-08,0.006586747709999896,1.49478877039,0.0,0.006586747709999896
2017-02-09,0.007678534100000078,0.0,1.5013755181,-0.007678534100000078
2017-02-10,0.006409445020000071,1.5090540522,0.0,0.006409445020000071
2017-02-13,0.00954779752999979,1.51546349722,0.0,0.00954779752999979
2017-02-14,0.0005162637300000217,1.5250112947499999,0.0,0.0005162637300000217
2017-02-15,-0.0023428607499997867,1.5255275584799999,0.0,-0.0023428607499997867
2017-02-16,0.007884755149999867,1.52318469773,0.0,0.007884755149999867
2017-02-17,-0.013056873870000096,1.53106945288,0.0,-0.013056873870000096
2017-02-20,0.01796019412000005,1.5180125790099999,0.0,0.01796019412000005
2017-02-21,0.006335963960000024,1.53597277313,0.0,0.006335963960000024
2017-02-22,0.0037413713100000745,1.54230873709,0.0,0.0037413713100000745
2017-02-23,-0.004666284570000068,1.5460501084,0.0,-0.004666284570000068
2017-02-24,0.0009756388999999643,1.54138382383,0.0,0.0009756388999999643
2017-02-27,-0.01174417022999985,1.54235946273,0.0,-0.01174417022999985
2017-02-28,0.006197535110000096,1.5306152925,0.0,0.006197535110000096
2017-03-01,0.002465645239999814,1.5368128276100002,0.0,0.002465645239999814
2017-03-02,-0.00801465071000007,1.53927847285,0.0,-0.00801465071000007
2017-03-03,-0.005554220249999853,0.0,1.53126382214,0.005554220249999853
2017-03-06,0.007373706199999885,0.0,1.52570960189,-0.007373706199999885
2017-03-07,0.004048569559999882,0.0,1.53308330809,-0.004048569559999882
2017-03-08,-0.0008253582699999651,0.0,1.5371318776499998,0.0008253582699999651
2017-03-09,-0.011339313269999929,0.0,1.5363065193799998,0.011339313269999929
2017-03-10,-0.0018896485099999527,0.0,1.52496720611,0.0018896485099999527
2017-03-13,0.011502867900000213,0.0,1.5230775576,-0.011502867900000213
2017-03-14,0.0010922604499998823,0.0,1.5345804255000002,-0.0010922604499998823
2017-03-15,0.0011529415900000117,0.0,1.53567268595,-0.0011529415900000117
2017-03-16,0.012882889670000175,0.0,1.53682562754,-0.012882889670000175
2017-03-17,-0.014927559520000244,0.0,1.5497085172100002,0.014927559520000244
2017-03-20,0.00633406767000011,0.0,1.53478095769,-0.00633406767000011
2017-03-21,0.005121298269999963,0.0,1.5411150253600001,-0.005121298269999963
2017-03-22,-0.0077705039400002285,0.0,1.54623632363,0.0077705039400002285
2017-03-23,0.001578515470000097,0.0,1.5384658196899998,-0.001578515470000097
2017-03-24,0.009906005860000011,0.0,1.54004433516,-0.009906005860000011
2017-03-27,-0.0011803903200000576,1.54995034102,0.0,-0.0011803903200000576
2017-03-28,-0.00664046000000007,1.5487699507,0.0,-0.00664046000000007
2017-03-29,-0.005515109369999882,1.5421294906999998,0.0,-0.005515109369999882
2017-03-30,-0.014732953220000011,0.0,1.53661438133,0.014732953220000011
2017-03-31,0.005820316520000146,0.0,1.52188142811,-0.005820316520000146
2017-04-05,0.02265644,0.0,1.52770174463,-0.02265644
2017-04-06,0.005072231879999833,1.55035818463,0.0,0.005072231879999833
2017-04-07,0.002660156719999973,1.55543041651,0.0,0.002660156719999973
2017-04-10,-0.008165120949999993,1.5580905732299999,0.0,-0.008165120949999993
2017-04-11,0.009279046470000107,1.54992545228,0.0,0.009279046470000107
2017-04-12,-0.007175354739999973,1.55920449875,0.0,-0.007175354739999973
2017-04-13,0.0010098668499998187,1.55202914401,0.0,0.0010098668499998187
2017-04-14,-0.01417165270999976,0.0,1.5530390108599998,0.01417165270999976
2017-04-17,-0.011330068879999988,1.53886735815,0.0,-0.011330068879999988
2017-04-18,-0.012067012830000223,0.0,1.52753728927,0.012067012830000223
2017-04-19,-0.01233846610999989,0.0,1.5154702764399999,0.01233846610999989
2017-04-20,0.0006701472999999236,0.0,1.50313181033,-0.0006701472999999236
2017-04-21,0.0004982016100001374,0.0,1.50380195763,-0.0004982016100001374
2017-04-24,-0.020678993469999796,0.0,1.50430015924,0.020678993469999796
2017-04-25,0.0023875182699995,0.0,1.4836211657700002,-0.0023875182699995
2017-04-26,0.0029770260300001627,0.0,1.4860086840399997,-0.0029770260300001627
2017-04-27,0.005375874600000108,0.0,1.48898571007,-0.005375874600000108
2017-04-28,0.0011716674099999658,0.0,1.49436158467,-0.0011716674099999658
2017-05-02,-0.005189327519999898,0.0,1.49553325208,0.005189327519999898
2017-05-03,-0.003966128549999892,0.0,1.49034392456,0.003966128549999892
2017-05-04,-0.0037818095899999626,1.4863777960100002,0.0,-0.0037818095899999626
2017-05-05,-0.011534583270000232,0.0,1.4825959864200002,0.011534583270000232
2017-05-08,-0.011579145979999872,0.0,1.47106140315,0.011579145979999872
2017-05-09,0.0009073726099997348,0.0,1.4594822571700001,-0.0009073726099997348
2017-05-10,-0.013151640729999858,0.0,1.4603896297799999,0.013151640729999858
2017-05-11,0.004131674270000163,0.0,1.44723798905,-0.004131674270000163
2017-05-12,0.010435685819999874,0.0,1.4513696633200002,-0.010435685819999874
2017-05-15,0.0031837211399998733,0.0,1.46180534914,-0.0031837211399998733
2017-05-16,0.01077815498000012,0.0,1.46498907028,-0.01077815498000012
2017-05-17,-0.004040368120000082,0.0,1.47576722526,0.004040368120000082
2017-05-18,-0.006780405869999839,1.47172685714,0.0,-0.006780405869999839
2017-05-19,0.00023319570999968953,1.4649464512700001,0.0,0.00023319570999968953
2017-05-22,-0.0070898796699998545,1.4651796469799998,0.0,-0.0070898796699998545
2017-05-23,-0.006508336310000029,1.45808976731,0.0,-0.006508336310000029
2017-05-24,0.001009250560000341,1.451581431,0.0,0.001009250560000341
2017-05-25,0.02074308791999968,1.4525906815600003,0.0,0.02074308791999968
2017-05-26,0.0010560414000000407,1.47333376948,0.0,0.0010560414000000407
2017-05-31,0.0033749615400000543,1.47438981088,0.0,0.0033749615400000543
2017-06-01,-0.00689991927000011,1.47776477242,0.0,-0.00689991927000011
2017-06-02,0.0013827714000000935,1.47086485315,0.0,0.0013827714000000935
2017-06-05,-0.006581959600000076,1.47224762455,0.0,-0.006581959600000076
2017-06-06,0.0049634799200002355,1.46566566495,0.0,0.0049634799200002355
2017-06-07,0.018109005119999688,1.4706291448700002,0.0,0.018109005119999688
2017-06-08,0.0047448382000001565,1.4887381499899999,0.0,0.0047448382000001565
2017-06-09,0.003824238980000061,1.49348298819,0.0,0.003824238980000061
2017-06-12,-0.008781603380000114,1.49730722717,0.0,-0.008781603380000114
2017-06-13,0.006573615939999833,1.48852562379,0.0,0.006573615939999833
2017-06-14,-0.010936305189999773,1.4950992397299998,0.0,-0.010936305189999773
2017-06-15,0.0008591595599998225,1.48416293454,0.0,0.0008591595599998225
2017-06-16,-0.004418392649999658,1.4850220940999999,0.0,-0.004418392649999658
2017-06-19,0.010053963549999878,1.4806037014500002,0.0,0.010053963549999878
2017-06-20,-0.00206709343,1.490657665,0.0,-0.00206709343
2017-06-21,0.007679102980000074,1.48859057157,0.0,0.007679102980000074
2017-06-22,-0.004152201560000179,1.4962696745500002,0.0,-0.004152201560000179
2017-06-23,0.004939728939999943,0.0,1.49211747299,-0.004939728939999943
2017-06-26,0.013070574530000156,0.0,1.49705720193,-0.013070574530000156
2017-06-27,0.0027273326299999123,0.0,1.51012777646,-0.0027273326299999123
2017-06-28,-0.008531151469999942,1.51285510909,0.0,-0.008531151469999942
2017-06-29,0.007045222149999919,1.50432395762,0.0,0.007045222149999919
2017-06-30,0.0020690371100000604,1.51136917977,0.0,0.0020690371100000604
2017-07-03,0.0016519965299999217,1.51343821688,0.0,0.0016519965299999217
2017-07-04,-0.006213985389999843,1.51509021341,0.0,-0.006213985389999843
2017-07-05,0.011534298830000012,1.50887622802,0.0,0.011534298830000012
2017-07-06,0.002517224199999779,0.0,1.52041052685,-0.002517224199999779
2017-07-07,0.0026134132800001986,0.0,1.52292775105,-0.0026134132800001986
2017-07-10,-0.0025243352699999555,0.0,1.52554116433,0.0025243352699999555
2017-07-11,-0.0045484304200003045,0.0,1.5230168290600001,0.0045484304200003045
2017-07-12,-0.002604358519999961,0.0,1.5184683986399998,0.002604358519999961
2017-07-13,0.009775019950000186,1.5158640401199999,0.0,0.009775019950000186
2017-07-14,0.0020165100099998057,1.52563906007,0.0,0.0020165100099998057
2017-07-17,-0.021784527919999963,1.5276555700799999,0.0,-0.021784527919999963
2017-07-18,0.005263330050000237,0.0,1.50587104216,-0.005263330050000237
2017-07-19,0.020578964409999845,0.0,1.5111343722100001,-0.020578964409999845
2017-07-20,0.006584140319999987,0.0,1.53171333662,-0.006584140319999987
2017-07-21,-0.003263033280000105,1.53829747694,0.0,-0.003263033280000105
2017-07-24,0.005981453380000001,1.5350344436599999,0.0,0.005981453380000001
2017-07-25,-0.003275596179999951,1.5410158970399999,0.0,-0.003275596179999951
2017-07-26,0.001889364060000176,0.0,1.53774030086,-0.001889364060000176
2017-07-27,0.000998678759999816,0.0,1.53962966492,-0.000998678759999816
2017-07-28,0.0016398128999999262,0.0,1.54062834368,-0.0016398128999999262
2017-07-31,0.009380876999999899,0.0,1.5422681565799998,-0.009380876999999899
2017-08-01,0.009296539710000218,1.5516490335799997,0.0,0.009296539710000218
2017-08-02,-0.003594172149999908,1.56094557329,0.0,-0.003594172149999908
2017-08-03,-0.005749632469999932,1.55735140114,0.0,-0.005749632469999932
2017-08-04,-0.005142584080000123,0.0,1.55160176867,0.005142584080000123
2017-08-07,0.00823732203000005,0.0,1.54645918459,-0.00823732203000005
2017-08-08,0.0011454512599997635,0.0,1.55469650662,-0.0011454512599997635
2017-08-09,-0.002986554859999657,1.5558419578799998,0.0,-0.002986554859999657
2017-08-10,-0.006553373090000036,1.5528554030200001,0.0,-0.006553373090000036
2017-08-11,-0.02522443725000012,0.0,1.54630202993,0.02522443725000012
2017-08-14,0.01366221562000014,0.0,1.52107759268,-0.01366221562000014
2017-08-15,0.006590303239999651,0.0,1.5347398083000001,-0.006590303239999651
2017-08-16,-0.002280520359999816,0.0,1.5413301115399998,0.002280520359999816
2017-08-17,0.010419425170000052,0.0,1.53904959118,-0.010419425170000052
2017-08-18,0.00013961402000006728,0.0,1.54946901635,-0.00013961402000006728
2017-08-21,0.008619186529999823,0.0,1.54960863037,-0.008619186529999823
2017-08-22,0.0015740117800000508,0.0,1.5582278169,-0.0015740117800000508
2017-08-23,-0.0011950391199999633,0.0,1.55980182868,0.0011950391199999633
2017-08-24,-0.007676732630000016,0.0,1.55860678956,0.007676732630000016
2017-08-25,0.028449212970000026,0.0,1.55093005693,-0.028449212970000026
2017-08-28,0.01475751012000015,1.5793792699,0.0,0.01475751012000015
2017-08-29,0.0012205915799998746,1.5941367800200001,0.0,0.0012205915799998746
2017-08-30,-0.000758277170000099,1.5953573716,0.0,-0.000758277170000099
2017-08-31,-0.0013351272199997322,1.59459909443,0.0,-0.0013351272199997322
2017-09-01,0.0029909637199998507,1.5932639672100002,0.0,0.0029909637199998507
2017-09-04,0.005908636019999802,1.59625493093,0.0,0.005908636019999802
2017-09-05,0.0022442539000002704,1.6021635669499998,0.0,0.0022442539000002704
2017-09-06,0.0005081096999999257,1.60440782085,0.0,0.0005081096999999257
2017-09-07,-0.009429943390000028,1.60491593055,0.0,-0.009429943390000028
2017-09-08,-0.00012079339000004019,1.59548598716,0.0,-0.00012079339000004019
2017-09-11,0.0052983165300000135,1.59536519377,0.0,0.0052983165300000135
2017-09-12,0.0014550198700002959,1.6006635103,0.0,0.0014550198700002959
2017-09-13,0.0022086985499998324,1.6021185301700003,0.0,0.0022086985499998324
2017-09-14,-0.006030851620000055,1.60432722872,0.0,-0.006030851620000055
2017-09-15,-0.008441504570000147,1.5982963771,0.0,-0.008441504570000147
2017-09-18,0.004380182490000051,0.0,1.58985487253,-0.004380182490000051
2017-09-19,-0.0028511126699997114,0.0,1.59423505502,0.0028511126699997114
2017-09-20,0.004338369389999652,0.0,1.5913839423500002,-0.004338369389999652
2017-09-21,-0.0038796105199998543,0.0,1.59572231174,0.0038796105199998543
2017-09-22,-0.002504471680000009,0.0,1.59184270122,0.002504471680000009
2017-09-25,-0.005205635569999867,0.0,1.58933822954,0.005205635569999867
2017-09-26,0.0009642137799998896,0.0,1.5841325939700002,-0.0009642137799998896
2017-09-27,0.0008007539599999003,0.0,1.58509680775,-0.0008007539599999003
2017-09-28,-0.00266883223000014,0.0,1.58589756171,0.00266883223000014
2017-09-29,0.004409337880000086,0.0,1.5832287294799998,-0.004409337880000086
2017-10-09,0.012058005480000134,0.0,1.58763806736,-0.012058005480000134
2017-10-10,0.004081659739999743,0.0,1.59969607284,-0.004081659739999743
2017-10-11,0.0025106346100001176,0.0,1.6037777325799998,-0.0025106346100001176
